{"open":252.92115527430363,"high":252.3238139421177,"low":251.48966404225516,"close":251.63630160972346,"btc_price":8014.10113464,"volume":1.4667407896618128,"timestamp":"2019-05-25T03:50:00.000Z","unix":1558756200000}