{"open":157.35507924277232,"high":157.35507924277232,"low":157.35387500059383,"close":157.35387500059383,"btc_price":5235.83555857,"timestamp":"2019-04-30T04:33:00.000Z"}